{"cameraMode":{"drawMode":0,"name":"Shaded","section":"Shading Mode"},"sceneLighting":true,"audioPlay":false,"sceneViewState":{"m_AlwaysRefresh":false,"showFog":true,"showSkybox":true,"showFlares":true,"showImageEffects":true,"showParticleSystems":true,"showVisualEffectGraphs":true,"m_FxEnabled":true},"in2DMode":false,"pivot":{"x":-0.2897629737854004,"y":-2.7836501598358156,"z":2.3776817321777345},"rotation":{"x":0.04647953435778618,"y":-0.2042171061038971,"z":0.009708341211080552,"w":0.9777820110321045},"size":1.3738811016082764,"orthographic":true}